Date,Focus Area,Hours Built
Jun 30,Microsoft CV Optimization,8 hrs
Jul 1,Microsoft CV Optimization,7 hrs
Jul 2,Microsoft CV Optimization,9 hrs
Jul 3,ATS Scan + Recruiter Alignment,8 hrs
Jul 4,DHL CV Keyword Upgrade,6 hrs
Jul 5,SIA CV Keyword Upgrade,7 hrs
Jul 6,Compensation Dashboard Build,5 hrs
Jul 7,Compensation Dashboard Build,6 hrs
Jul 8,Career Command Suite Timelog Integration,4 hrs
Jul 9,Career Command Suite Timelog Integration,5 hrs
Jul 10,ATS Keyword Refinement – DHL/SIA,7 hrs
Jul 11,Offer Probability Modeling,6 hrs
Jul 12,Compensation + ATS Dashboard Merge,5 hrs
Jul 13,Career Command Suite Consolidation,6 hrs
Jul 14,Career Command Suite Consolidation,7 hrs
Jul 15,Final ATS Agent Scan,8 hrs
Jul 16,Recruiter Probability Overlay,6 hrs
Jul 17,Timelog Update + Save,5 hrs
Jul 18,Daily Hours Integration,6 hrs